{
    "Objects": {
        "dynamic_objects": [
            {
                "ID": "1002-0001",
                "collision_check": false,
                "dependencies": [
                ],
                "filename": "common/lvl1_buttonCenter.obj",
                "position": {
                    "X": 0,
                    "Y": -0.375,
                    "Z": 0.10999999940395355
                },
                "rotation": {
                    "W": 0.85851269960403442,
                    "X": 0.51279228925704956,
                    "Y": 0,
                    "Z": 0
                },
                "scale": {
                    "X": 1,
                    "Y": 1,
                    "Z": 1
                }
            },
            {
                "ID": "1002-0002",
                "collision_check": false,
                "dependencies": [
                ],
                "filename": "common/lvl1_buttonCenter.obj",
                "position": {
                    "X": -2,
                    "Y": -0.37000000476837158,
                    "Z": 0.87099999189376831
                },
                "rotation": {
                    "W": 0.85851269960403442,
                    "X": 0.51279228925704956,
                    "Y": 0,
                    "Z": 0
                },
                "scale": {
                    "X": 1,
                    "Y": 1,
                    "Z": 1
                }
            },
            {
                "ID": "1002-0003",
                "collision_check": false,
                "dependencies": [
                ],
                "filename": "common/lvl1_buttonCenter.obj",
                "position": {
                    "X": 2,
                    "Y": -0.37000000476837158,
                    "Z": 0.87099999189376831
                },
                "rotation": {
                    "W": 0.85851269960403442,
                    "X": 0.51279228925704956,
                    "Y": 0,
                    "Z": 0
                },
                "scale": {
                    "X": 1,
                    "Y": 1,
                    "Z": 1
                }
            },
            {
                "ID": "1001-0001",
                "collision_check": false,
                "dependencies": [
                    {
                        "ID": "2002-0001"
                    }
                ],
                "filename": "common/lvl1_buttonCenter.obj",
                "position": {
                    "X": 0,
                    "Y": -2.7320001125335693,
                    "Z": 3.6200001239776611
                },
                "rotation": {
                    "W": 0.85851269960403442,
                    "X": 0.51279228925704956,
                    "Y": 0,
                    "Z": 0
                },
                "scale": {
                    "X": 1,
                    "Y": 1,
                    "Z": 1
                }
            },
            {
                "ID": "2001-0001",
                "axes": {
                    "X": 0,
                    "Y": 1,
                    "Z": 0
                },
                "collision_check": false,
                "current_state": 1,
                "dependencies": [
                    {
                        "ID": "1002-0003"
                    }
                ],
                "filename": "common/box.obj",
                "need_state": 3,
                "position": {
                    "X": 2,
                    "Y": 0,
                    "Z": 3.5295000076293945
                },
                "rotation": {
                    "W": -0.1911972314119339,
                    "X": 0.24779152870178223,
                    "Y": 0.86738252639770508,
                    "Z": -0.38690483570098877
                },
                "scale": {
                    "X": 0.34999999403953552,
                    "Y": 0.34999999403953552,
                    "Z": 0.34999999403953552
                },
                "velocity": 20
            },
            {
                "ID": "2001-0003",
                "axes": {
                    "X": 0,
                    "Y": 1,
                    "Z": 0
                },
                "collision_check": false,
                "current_state": 2,
                "dependencies": [
                    {
                        "ID": "1002-0002"
                    }
                ],
                "filename": "common/box.obj",
                "need_state": 2,
                "position": {
                    "X": -2,
                    "Y": 0,
                    "Z": 3.5295000076293945
                },
                "rotation": {
                    "W": -0.40878114104270935,
                    "X": -0.43811494112014771,
                    "Y": -0.78854429721832275,
                    "Z": 0.1383853554725647
                },
                "scale": {
                    "X": 0.34999999403953552,
                    "Y": 0.34999999403953552,
                    "Z": 0.34999999403953552
                },
                "velocity": -20
            },
            {
                "ID": "2001-0002",
                "axes": {
                    "X": 0,
                    "Y": 1,
                    "Z": 0
                },
                "collision_check": false,
                "current_state": 1,
                "dependencies": [
                    {
                        "ID": "1002-0001"
                    }
                ],
                "filename": "common/box.obj",
                "need_state": 4,
                "position": {
                    "X": 0,
                    "Y": 0,
                    "Z": 6
                },
                "rotation": {
                    "W": 0.88063335418701172,
                    "X": 0.27935335040092468,
                    "Y": -0.11571195721626282,
                    "Z": 0.36477029323577881
                },
                "scale": {
                    "X": 0.34999999403953552,
                    "Y": 0.34999999403953552,
                    "Z": 0.34999999403953552
                },
                "velocity": 0
            },
            {
                "ID": "2002-0001",
                "collision_check": true,
                "dependencies": [
                    {
                        "ID": "2001-0001"
                    },
                    {
                        "ID": "2001-0002"
                    },
                    {
                        "ID": "2001-0003"
                    }
                ],
                "filename": "common/lvl1_stand.obj",
                "new_position": {
                    "X": 0,
                    "Y": -1.2899999618530273,
                    "Z": 3.6500000953674316
                },
                "position": {
                    "X": 0,
                    "Y": -3.6500000953674316,
                    "Z": 3.6500000953674316
                },
                "rotation": {
                    "W": 1,
                    "X": 0,
                    "Y": 0,
                    "Z": 0
                },
                "scale": {
                    "X": 1,
                    "Y": 1,
                    "Z": 1
                },
                "velocity": 0.29999999999999999
            }
        ],
        "static_objects": [
            {
                "collision_check": true,
                "fileName": "common/lvl1_room.obj"
            },
            {
                "collision_check": true,
                "fileName": "common/lvl1_buttonStand.obj"
            },
            {
                "collision_check": true,
                "fileName": "common/lvl1_bolsters.obj"
            }
        ]
    },
    "Player": {
        "cam_pitch": -11.300047874450684,
        "cam_position": {
            "X": -0.17030882835388184,
            "Y": 0,
            "Z": -4.1721057891845703
        },