{
    "Objects": {
        "dynamic_objects": [
            {
                "ID": "004-0001",
                "dependencies": [
                ],
                "filename": "common/lvl1_buttonCenter.obj",
                "position": {
                    "X": 0,
                    "Y": -0.375,
                    "Z": 0.10999999940395355
                },
                "rotation": {
                    "W": 0.85851269960403442,
                    "X": 0.51279228925704956,
                    "Y": 0,
                    "Z": 0
                },
                "scale": {
                    "X": 1,
                    "Y": 1,
                    "Z": 1
                }
            },
            {
                "ID": "004-0002",
                "dependencies": [
                ],
                "filename": "common/lvl1_buttonCenter.obj",
                "position": {
                    "X": -2,
                    "Y": -0.37000000476837158,
                    "Z": 0.87099999189376831
                },
                "rotation": {
                    "W": 0.85851269960403442,
                    "X": 0.51279228925704956,
                    "Y": 0,
                    "Z": 0
                },
                "scale": {
                    "X": 1,
                    "Y": 1,
                    "Z": 1
                }
            },
            {
                "ID": "004-0003",
                "dependencies": [
                ],
                "filename": "common/lvl1_buttonCenter.obj",
                "position": {
                    "X": 2,
                    "Y": -0.37000000476837158,
                    "Z": 0.87099999189376831
                },
                "rotation": {
                    "W": 0.85851269960403442,
                    "X": 0.51279228925704956,
                    "Y": 0,
                    "Z": 0
                },
                "scale": {
                    "X": 1,
                    "Y": 1,
                    "Z": 1
                }
            },
            {
                "ID": "003-0001",
                "dependencies": [
                    {
                        "ID": "002-0001"
                    }
                ],
                "filename": "common/lvl1_buttonCenter.obj",
                "position": {
                    "X": 0,
                    "Y": -2.7320001125335693,
                    "Z": 3.6200001239776611
                },
                "rotation": {
                    "W": 0.85851269960403442,
                    "X": 0.51279228925704956,
                    "Y": 0,
                    "Z": 0
                },
                "scale": {
                    "X": 1,
                    "Y": 1,
                    "Z": 1
                }
            },
            {
                "ID": "001-0001",
                "axes": {
                    "X": 0,
                    "Y": 1,
                    "Z": 0
                },
                "current_state": 1,
                "dependencies": [
                    {
                        "ID": "004-0003"
                    }
                ],
                "filename": "common/box.obj",
                "need_state": 3,
                "position": {
                    "X": 2,
                    "Y": 0,
                    "Z": 3.5295000076293945
                },
                "rotation": {
                    "W": 0.75591766834259033,
                    "X": 0.44695204496383667,
                    "Y": 0.46636691689491272,
                    "Z": 0.10644251853227615
                },
                "scale": {
                    "X": 0.34999999403953552,
                    "Y": 0.34999999403953552,
                    "Z": 0.34999999403953552
                },
                "velocity": 20
            },
            {
                "ID": "001-0003",
                "axes": {
                    "X": 0,
                    "Y": 1,
                    "Z": 0
                },
                "current_state": 1,
                "dependencies": [
                    {
                        "ID": "004-0002"
                    }
                ],
                "filename": "common/box.obj",
                "need_state": 2,
                "position": {
                    "X": -2,
                    "Y": 0,
                    "Z": 3.5295000076293945
                },
                "rotation": {
                    "W": 0.60977941751480103,
                    "X": -0.013727607205510139,
                    "Y": -0.64581447839736938,
                    "Z": 0.45924615859985352
                },
                "scale": {
                    "X": 0.34999999403953552,
                    "Y": 0.34999999403953552,
                    "Z": 0.34999999403953552
                },
                "velocity": -20
            },
            {
                "ID": "001-0002",
                "axes": {
                    "X": 0,
                    "Y": 1,
                    "Z": 0
                },
                "current_state": 5,
                "dependencies": [
                    {
                        "ID": "004-0001"
                    }
                ],
                "filename": "common/box.obj",
                "need_state": 4,
                "position": {
                    "X": 0,
                    "Y": 0,
                    "Z": 6
                },
                "rotation": {
                    "W": 0.88063335418701172,
                    "X": 0.27935335040092468,
                    "Y": -0.11571195721626282,
                    "Z": 0.36477029323577881
                },
                "scale": {
                    "X": 0.34999999403953552,
                    "Y": 0.34999999403953552,
                    "Z": 0.34999999403953552
                },
                "velocity": 0
            },
            {
                "ID": "002-0001",
                "dependencies": [
                    {
                        "ID": "001-0001"
                    },
                    {
                        "ID": "001-0002"
                    },
                    {
                        "ID": "001-0003"
                    }
                ],
                "filename": "common/lvl1_stand.obj",
                "new_position": {
                    "X": 0,
                    "Y": -1.2899999618530273,
                    "Z": 3.6500000953674316
                },
                "position": {
                    "X": 0,
                    "Y": -3.6500000953674316,
                    "Z": 3.6500000953674316
                },
                "rotation": {
                    "W": 1,
                    "X": 0,
                    "Y": 0,
                    "Z": 0
                },
                "scale": {
                    "X": 1,
                    "Y": 1,
                    "Z": 1
                },
                "velocity": 0.29999999999999999
            }
        ],
        "static_objects": [
            {
                "collision_check": true,
                "fileName": "common/lvl1_room.obj"
            },
            {
                "collision_check": true,
                "fileName": "common/lvl1_buttonStand.obj"
            },
            {
                "collision_check": true,
                "fileName": "common/lvl1_bolsters.obj"
            }
        ]
    },
    "Player": {
        "cam_pitch": -6.9000444412231445,
        "cam_position": {
            "X": -0.010958816856145859,
            "Y": 0,
            "Z": -4.0783510208129883
        },
        "cam_yaw": 87.900505065917969
    },
    "lights": [
        {
            "position": {
                "X": 0,
                "Y": 0.5,
                "Z": 0
            }
        }
    ]
}
